{
  "window_hours": 48,
  "strategy_id": "phase1_forward",
  "net_pnl_pct": -0.0021166013582765153,
  "trade_count_estimate": 242,
  "verdict": "fail",
  "metrics": {
    "max_drawdown_pct": 0.012802216694370901,
    "sharpe_ratio": -4.753542761304312,
    "profit_factor": 0.9796040368672263,
    "win_rate": 2.4210526315789473
  }
}